target_keyword,canonical_url,workflow,business_context,deliverable,review_measure
AI business occupancy requirements for marketing agencies,https://www.buythebuildingbook.com/workflows/ai-occupancy-needs/marketing-agencies/,ai-occupancy-needs,marketing-agencies,an occupancy brief for qualified property and technical review,essential operating needs tied to an explicit requirement
AI business occupancy requirements for consulting firms,https://www.buythebuildingbook.com/workflows/ai-occupancy-needs/consulting-firms/,ai-occupancy-needs,consulting-firms,an occupancy brief for qualified property and technical review,essential operating needs tied to an explicit requirement
AI business occupancy requirements for software companies,https://www.buythebuildingbook.com/workflows/ai-occupancy-needs/software-companies/,ai-occupancy-needs,software-companies,an occupancy brief for qualified property and technical review,essential operating needs tied to an explicit requirement
AI business occupancy requirements for ecommerce brands,https://www.buythebuildingbook.com/workflows/ai-occupancy-needs/ecommerce-brands/,ai-occupancy-needs,ecommerce-brands,an occupancy brief for qualified property and technical review,essential operating needs tied to an explicit requirement
AI business occupancy requirements for manufacturers,https://www.buythebuildingbook.com/workflows/ai-occupancy-needs/manufacturers/,ai-occupancy-needs,manufacturers,an occupancy brief for qualified property and technical review,essential operating needs tied to an explicit requirement
AI business occupancy requirements for wholesale distributors,https://www.buythebuildingbook.com/workflows/ai-occupancy-needs/wholesale-distributors/,ai-occupancy-needs,wholesale-distributors,an occupancy brief for qualified property and technical review,essential operating needs tied to an explicit requirement
AI business occupancy requirements for construction companies,https://www.buythebuildingbook.com/workflows/ai-occupancy-needs/construction-companies/,ai-occupancy-needs,construction-companies,an occupancy brief for qualified property and technical review,essential operating needs tied to an explicit requirement
AI business occupancy requirements for trade contractors,https://www.buythebuildingbook.com/workflows/ai-occupancy-needs/trade-contractors/,ai-occupancy-needs,trade-contractors,an occupancy brief for qualified property and technical review,essential operating needs tied to an explicit requirement
AI business occupancy requirements for salons,https://www.buythebuildingbook.com/workflows/ai-occupancy-needs/salons/,ai-occupancy-needs,salons,an occupancy brief for qualified property and technical review,essential operating needs tied to an explicit requirement
AI business occupancy requirements for restaurants,https://www.buythebuildingbook.com/workflows/ai-occupancy-needs/restaurants/,ai-occupancy-needs,restaurants,an occupancy brief for qualified property and technical review,essential operating needs tied to an explicit requirement
AI business occupancy requirements for retail stores,https://www.buythebuildingbook.com/workflows/ai-occupancy-needs/retail-stores/,ai-occupancy-needs,retail-stores,an occupancy brief for qualified property and technical review,essential operating needs tied to an explicit requirement
AI business occupancy requirements for logistics companies,https://www.buythebuildingbook.com/workflows/ai-occupancy-needs/logistics-companies/,ai-occupancy-needs,logistics-companies,an occupancy brief for qualified property and technical review,essential operating needs tied to an explicit requirement
AI business occupancy requirements for cleaning companies,https://www.buythebuildingbook.com/workflows/ai-occupancy-needs/cleaning-companies/,ai-occupancy-needs,cleaning-companies,an occupancy brief for qualified property and technical review,essential operating needs tied to an explicit requirement
AI business occupancy requirements for landscaping companies,https://www.buythebuildingbook.com/workflows/ai-occupancy-needs/landscaping-companies/,ai-occupancy-needs,landscaping-companies,an occupancy brief for qualified property and technical review,essential operating needs tied to an explicit requirement
AI business occupancy requirements for automotive shops,https://www.buythebuildingbook.com/workflows/ai-occupancy-needs/automotive-shops/,ai-occupancy-needs,automotive-shops,an occupancy brief for qualified property and technical review,essential operating needs tied to an explicit requirement
AI business occupancy requirements for fitness studios,https://www.buythebuildingbook.com/workflows/ai-occupancy-needs/fitness-studios/,ai-occupancy-needs,fitness-studios,an occupancy brief for qualified property and technical review,essential operating needs tied to an explicit requirement
AI business occupancy requirements for training companies,https://www.buythebuildingbook.com/workflows/ai-occupancy-needs/training-companies/,ai-occupancy-needs,training-companies,an occupancy brief for qualified property and technical review,essential operating needs tied to an explicit requirement
AI business occupancy requirements for staffing agencies,https://www.buythebuildingbook.com/workflows/ai-occupancy-needs/staffing-agencies/,ai-occupancy-needs,staffing-agencies,an occupancy brief for qualified property and technical review,essential operating needs tied to an explicit requirement
AI business occupancy requirements for event companies,https://www.buythebuildingbook.com/workflows/ai-occupancy-needs/event-companies/,ai-occupancy-needs,event-companies,an occupancy brief for qualified property and technical review,essential operating needs tied to an explicit requirement
AI business occupancy requirements for architecture firms,https://www.buythebuildingbook.com/workflows/ai-occupancy-needs/architecture-firms/,ai-occupancy-needs,architecture-firms,an occupancy brief for qualified property and technical review,essential operating needs tied to an explicit requirement
AI rent versus buy input worksheets for marketing agencies,https://www.buythebuildingbook.com/workflows/ai-rent-buy-inputs/marketing-agencies/,ai-rent-buy-inputs,marketing-agencies,a sourced input worksheet for a formula-based comparison,comparison inputs reconciled to the supplied terms
AI rent versus buy input worksheets for consulting firms,https://www.buythebuildingbook.com/workflows/ai-rent-buy-inputs/consulting-firms/,ai-rent-buy-inputs,consulting-firms,a sourced input worksheet for a formula-based comparison,comparison inputs reconciled to the supplied terms
AI rent versus buy input worksheets for software companies,https://www.buythebuildingbook.com/workflows/ai-rent-buy-inputs/software-companies/,ai-rent-buy-inputs,software-companies,a sourced input worksheet for a formula-based comparison,comparison inputs reconciled to the supplied terms
AI rent versus buy input worksheets for ecommerce brands,https://www.buythebuildingbook.com/workflows/ai-rent-buy-inputs/ecommerce-brands/,ai-rent-buy-inputs,ecommerce-brands,a sourced input worksheet for a formula-based comparison,comparison inputs reconciled to the supplied terms
AI rent versus buy input worksheets for manufacturers,https://www.buythebuildingbook.com/workflows/ai-rent-buy-inputs/manufacturers/,ai-rent-buy-inputs,manufacturers,a sourced input worksheet for a formula-based comparison,comparison inputs reconciled to the supplied terms
AI rent versus buy input worksheets for wholesale distributors,https://www.buythebuildingbook.com/workflows/ai-rent-buy-inputs/wholesale-distributors/,ai-rent-buy-inputs,wholesale-distributors,a sourced input worksheet for a formula-based comparison,comparison inputs reconciled to the supplied terms
AI rent versus buy input worksheets for construction companies,https://www.buythebuildingbook.com/workflows/ai-rent-buy-inputs/construction-companies/,ai-rent-buy-inputs,construction-companies,a sourced input worksheet for a formula-based comparison,comparison inputs reconciled to the supplied terms
AI rent versus buy input worksheets for trade contractors,https://www.buythebuildingbook.com/workflows/ai-rent-buy-inputs/trade-contractors/,ai-rent-buy-inputs,trade-contractors,a sourced input worksheet for a formula-based comparison,comparison inputs reconciled to the supplied terms
AI rent versus buy input worksheets for salons,https://www.buythebuildingbook.com/workflows/ai-rent-buy-inputs/salons/,ai-rent-buy-inputs,salons,a sourced input worksheet for a formula-based comparison,comparison inputs reconciled to the supplied terms
AI rent versus buy input worksheets for restaurants,https://www.buythebuildingbook.com/workflows/ai-rent-buy-inputs/restaurants/,ai-rent-buy-inputs,restaurants,a sourced input worksheet for a formula-based comparison,comparison inputs reconciled to the supplied terms
AI rent versus buy input worksheets for retail stores,https://www.buythebuildingbook.com/workflows/ai-rent-buy-inputs/retail-stores/,ai-rent-buy-inputs,retail-stores,a sourced input worksheet for a formula-based comparison,comparison inputs reconciled to the supplied terms
AI rent versus buy input worksheets for logistics companies,https://www.buythebuildingbook.com/workflows/ai-rent-buy-inputs/logistics-companies/,ai-rent-buy-inputs,logistics-companies,a sourced input worksheet for a formula-based comparison,comparison inputs reconciled to the supplied terms
AI rent versus buy input worksheets for cleaning companies,https://www.buythebuildingbook.com/workflows/ai-rent-buy-inputs/cleaning-companies/,ai-rent-buy-inputs,cleaning-companies,a sourced input worksheet for a formula-based comparison,comparison inputs reconciled to the supplied terms
AI rent versus buy input worksheets for landscaping companies,https://www.buythebuildingbook.com/workflows/ai-rent-buy-inputs/landscaping-companies/,ai-rent-buy-inputs,landscaping-companies,a sourced input worksheet for a formula-based comparison,comparison inputs reconciled to the supplied terms
AI rent versus buy input worksheets for automotive shops,https://www.buythebuildingbook.com/workflows/ai-rent-buy-inputs/automotive-shops/,ai-rent-buy-inputs,automotive-shops,a sourced input worksheet for a formula-based comparison,comparison inputs reconciled to the supplied terms
AI rent versus buy input worksheets for fitness studios,https://www.buythebuildingbook.com/workflows/ai-rent-buy-inputs/fitness-studios/,ai-rent-buy-inputs,fitness-studios,a sourced input worksheet for a formula-based comparison,comparison inputs reconciled to the supplied terms
AI rent versus buy input worksheets for training companies,https://www.buythebuildingbook.com/workflows/ai-rent-buy-inputs/training-companies/,ai-rent-buy-inputs,training-companies,a sourced input worksheet for a formula-based comparison,comparison inputs reconciled to the supplied terms
AI rent versus buy input worksheets for staffing agencies,https://www.buythebuildingbook.com/workflows/ai-rent-buy-inputs/staffing-agencies/,ai-rent-buy-inputs,staffing-agencies,a sourced input worksheet for a formula-based comparison,comparison inputs reconciled to the supplied terms
AI rent versus buy input worksheets for event companies,https://www.buythebuildingbook.com/workflows/ai-rent-buy-inputs/event-companies/,ai-rent-buy-inputs,event-companies,a sourced input worksheet for a formula-based comparison,comparison inputs reconciled to the supplied terms
AI rent versus buy input worksheets for architecture firms,https://www.buythebuildingbook.com/workflows/ai-rent-buy-inputs/architecture-firms/,ai-rent-buy-inputs,architecture-firms,a sourced input worksheet for a formula-based comparison,comparison inputs reconciled to the supplied terms
AI commercial building document inventories for marketing agencies,https://www.buythebuildingbook.com/workflows/ai-building-document-inventory/marketing-agencies/,ai-building-document-inventory,marketing-agencies,a property evidence register and review assignment list,material property questions assigned to an appropriate reviewer
AI commercial building document inventories for consulting firms,https://www.buythebuildingbook.com/workflows/ai-building-document-inventory/consulting-firms/,ai-building-document-inventory,consulting-firms,a property evidence register and review assignment list,material property questions assigned to an appropriate reviewer
AI commercial building document inventories for software companies,https://www.buythebuildingbook.com/workflows/ai-building-document-inventory/software-companies/,ai-building-document-inventory,software-companies,a property evidence register and review assignment list,material property questions assigned to an appropriate reviewer
AI commercial building document inventories for ecommerce brands,https://www.buythebuildingbook.com/workflows/ai-building-document-inventory/ecommerce-brands/,ai-building-document-inventory,ecommerce-brands,a property evidence register and review assignment list,material property questions assigned to an appropriate reviewer
AI commercial building document inventories for manufacturers,https://www.buythebuildingbook.com/workflows/ai-building-document-inventory/manufacturers/,ai-building-document-inventory,manufacturers,a property evidence register and review assignment list,material property questions assigned to an appropriate reviewer
AI commercial building document inventories for wholesale distributors,https://www.buythebuildingbook.com/workflows/ai-building-document-inventory/wholesale-distributors/,ai-building-document-inventory,wholesale-distributors,a property evidence register and review assignment list,material property questions assigned to an appropriate reviewer
AI commercial building document inventories for construction companies,https://www.buythebuildingbook.com/workflows/ai-building-document-inventory/construction-companies/,ai-building-document-inventory,construction-companies,a property evidence register and review assignment list,material property questions assigned to an appropriate reviewer
AI commercial building document inventories for trade contractors,https://www.buythebuildingbook.com/workflows/ai-building-document-inventory/trade-contractors/,ai-building-document-inventory,trade-contractors,a property evidence register and review assignment list,material property questions assigned to an appropriate reviewer
AI commercial building document inventories for salons,https://www.buythebuildingbook.com/workflows/ai-building-document-inventory/salons/,ai-building-document-inventory,salons,a property evidence register and review assignment list,material property questions assigned to an appropriate reviewer
AI commercial building document inventories for restaurants,https://www.buythebuildingbook.com/workflows/ai-building-document-inventory/restaurants/,ai-building-document-inventory,restaurants,a property evidence register and review assignment list,material property questions assigned to an appropriate reviewer
AI commercial building document inventories for retail stores,https://www.buythebuildingbook.com/workflows/ai-building-document-inventory/retail-stores/,ai-building-document-inventory,retail-stores,a property evidence register and review assignment list,material property questions assigned to an appropriate reviewer
AI commercial building document inventories for logistics companies,https://www.buythebuildingbook.com/workflows/ai-building-document-inventory/logistics-companies/,ai-building-document-inventory,logistics-companies,a property evidence register and review assignment list,material property questions assigned to an appropriate reviewer
AI commercial building document inventories for cleaning companies,https://www.buythebuildingbook.com/workflows/ai-building-document-inventory/cleaning-companies/,ai-building-document-inventory,cleaning-companies,a property evidence register and review assignment list,material property questions assigned to an appropriate reviewer
AI commercial building document inventories for landscaping companies,https://www.buythebuildingbook.com/workflows/ai-building-document-inventory/landscaping-companies/,ai-building-document-inventory,landscaping-companies,a property evidence register and review assignment list,material property questions assigned to an appropriate reviewer
AI commercial building document inventories for automotive shops,https://www.buythebuildingbook.com/workflows/ai-building-document-inventory/automotive-shops/,ai-building-document-inventory,automotive-shops,a property evidence register and review assignment list,material property questions assigned to an appropriate reviewer
AI commercial building document inventories for fitness studios,https://www.buythebuildingbook.com/workflows/ai-building-document-inventory/fitness-studios/,ai-building-document-inventory,fitness-studios,a property evidence register and review assignment list,material property questions assigned to an appropriate reviewer
AI commercial building document inventories for training companies,https://www.buythebuildingbook.com/workflows/ai-building-document-inventory/training-companies/,ai-building-document-inventory,training-companies,a property evidence register and review assignment list,material property questions assigned to an appropriate reviewer
AI commercial building document inventories for staffing agencies,https://www.buythebuildingbook.com/workflows/ai-building-document-inventory/staffing-agencies/,ai-building-document-inventory,staffing-agencies,a property evidence register and review assignment list,material property questions assigned to an appropriate reviewer
AI commercial building document inventories for event companies,https://www.buythebuildingbook.com/workflows/ai-building-document-inventory/event-companies/,ai-building-document-inventory,event-companies,a property evidence register and review assignment list,material property questions assigned to an appropriate reviewer
AI commercial building document inventories for architecture firms,https://www.buythebuildingbook.com/workflows/ai-building-document-inventory/architecture-firms/,ai-building-document-inventory,architecture-firms,a property evidence register and review assignment list,material property questions assigned to an appropriate reviewer
AI business building maintenance registers for marketing agencies,https://www.buythebuildingbook.com/workflows/ai-maintenance-registers/marketing-agencies/,ai-maintenance-registers,marketing-agencies,a maintenance register with sources and responsibility,scheduled maintenance tasks closed with work evidence
AI business building maintenance registers for consulting firms,https://www.buythebuildingbook.com/workflows/ai-maintenance-registers/consulting-firms/,ai-maintenance-registers,consulting-firms,a maintenance register with sources and responsibility,scheduled maintenance tasks closed with work evidence
AI business building maintenance registers for software companies,https://www.buythebuildingbook.com/workflows/ai-maintenance-registers/software-companies/,ai-maintenance-registers,software-companies,a maintenance register with sources and responsibility,scheduled maintenance tasks closed with work evidence
AI business building maintenance registers for ecommerce brands,https://www.buythebuildingbook.com/workflows/ai-maintenance-registers/ecommerce-brands/,ai-maintenance-registers,ecommerce-brands,a maintenance register with sources and responsibility,scheduled maintenance tasks closed with work evidence
AI business building maintenance registers for manufacturers,https://www.buythebuildingbook.com/workflows/ai-maintenance-registers/manufacturers/,ai-maintenance-registers,manufacturers,a maintenance register with sources and responsibility,scheduled maintenance tasks closed with work evidence
AI business building maintenance registers for wholesale distributors,https://www.buythebuildingbook.com/workflows/ai-maintenance-registers/wholesale-distributors/,ai-maintenance-registers,wholesale-distributors,a maintenance register with sources and responsibility,scheduled maintenance tasks closed with work evidence
AI business building maintenance registers for construction companies,https://www.buythebuildingbook.com/workflows/ai-maintenance-registers/construction-companies/,ai-maintenance-registers,construction-companies,a maintenance register with sources and responsibility,scheduled maintenance tasks closed with work evidence
AI business building maintenance registers for trade contractors,https://www.buythebuildingbook.com/workflows/ai-maintenance-registers/trade-contractors/,ai-maintenance-registers,trade-contractors,a maintenance register with sources and responsibility,scheduled maintenance tasks closed with work evidence
AI business building maintenance registers for salons,https://www.buythebuildingbook.com/workflows/ai-maintenance-registers/salons/,ai-maintenance-registers,salons,a maintenance register with sources and responsibility,scheduled maintenance tasks closed with work evidence
AI business building maintenance registers for restaurants,https://www.buythebuildingbook.com/workflows/ai-maintenance-registers/restaurants/,ai-maintenance-registers,restaurants,a maintenance register with sources and responsibility,scheduled maintenance tasks closed with work evidence
AI business building maintenance registers for retail stores,https://www.buythebuildingbook.com/workflows/ai-maintenance-registers/retail-stores/,ai-maintenance-registers,retail-stores,a maintenance register with sources and responsibility,scheduled maintenance tasks closed with work evidence
AI business building maintenance registers for logistics companies,https://www.buythebuildingbook.com/workflows/ai-maintenance-registers/logistics-companies/,ai-maintenance-registers,logistics-companies,a maintenance register with sources and responsibility,scheduled maintenance tasks closed with work evidence
AI business building maintenance registers for cleaning companies,https://www.buythebuildingbook.com/workflows/ai-maintenance-registers/cleaning-companies/,ai-maintenance-registers,cleaning-companies,a maintenance register with sources and responsibility,scheduled maintenance tasks closed with work evidence
AI business building maintenance registers for landscaping companies,https://www.buythebuildingbook.com/workflows/ai-maintenance-registers/landscaping-companies/,ai-maintenance-registers,landscaping-companies,a maintenance register with sources and responsibility,scheduled maintenance tasks closed with work evidence
AI business building maintenance registers for automotive shops,https://www.buythebuildingbook.com/workflows/ai-maintenance-registers/automotive-shops/,ai-maintenance-registers,automotive-shops,a maintenance register with sources and responsibility,scheduled maintenance tasks closed with work evidence
AI business building maintenance registers for fitness studios,https://www.buythebuildingbook.com/workflows/ai-maintenance-registers/fitness-studios/,ai-maintenance-registers,fitness-studios,a maintenance register with sources and responsibility,scheduled maintenance tasks closed with work evidence
AI business building maintenance registers for training companies,https://www.buythebuildingbook.com/workflows/ai-maintenance-registers/training-companies/,ai-maintenance-registers,training-companies,a maintenance register with sources and responsibility,scheduled maintenance tasks closed with work evidence
AI business building maintenance registers for staffing agencies,https://www.buythebuildingbook.com/workflows/ai-maintenance-registers/staffing-agencies/,ai-maintenance-registers,staffing-agencies,a maintenance register with sources and responsibility,scheduled maintenance tasks closed with work evidence
AI business building maintenance registers for event companies,https://www.buythebuildingbook.com/workflows/ai-maintenance-registers/event-companies/,ai-maintenance-registers,event-companies,a maintenance register with sources and responsibility,scheduled maintenance tasks closed with work evidence
AI business building maintenance registers for architecture firms,https://www.buythebuildingbook.com/workflows/ai-maintenance-registers/architecture-firms/,ai-maintenance-registers,architecture-firms,a maintenance register with sources and responsibility,scheduled maintenance tasks closed with work evidence
AI business premises transition plans for marketing agencies,https://www.buythebuildingbook.com/workflows/ai-space-transition-plans/marketing-agencies/,ai-space-transition-plans,marketing-agencies,a phased move plan with restart criteria,restarted activities meeting their recorded readiness conditions
AI business premises transition plans for consulting firms,https://www.buythebuildingbook.com/workflows/ai-space-transition-plans/consulting-firms/,ai-space-transition-plans,consulting-firms,a phased move plan with restart criteria,restarted activities meeting their recorded readiness conditions
AI business premises transition plans for software companies,https://www.buythebuildingbook.com/workflows/ai-space-transition-plans/software-companies/,ai-space-transition-plans,software-companies,a phased move plan with restart criteria,restarted activities meeting their recorded readiness conditions
AI business premises transition plans for ecommerce brands,https://www.buythebuildingbook.com/workflows/ai-space-transition-plans/ecommerce-brands/,ai-space-transition-plans,ecommerce-brands,a phased move plan with restart criteria,restarted activities meeting their recorded readiness conditions
AI business premises transition plans for manufacturers,https://www.buythebuildingbook.com/workflows/ai-space-transition-plans/manufacturers/,ai-space-transition-plans,manufacturers,a phased move plan with restart criteria,restarted activities meeting their recorded readiness conditions
AI business premises transition plans for wholesale distributors,https://www.buythebuildingbook.com/workflows/ai-space-transition-plans/wholesale-distributors/,ai-space-transition-plans,wholesale-distributors,a phased move plan with restart criteria,restarted activities meeting their recorded readiness conditions
AI business premises transition plans for construction companies,https://www.buythebuildingbook.com/workflows/ai-space-transition-plans/construction-companies/,ai-space-transition-plans,construction-companies,a phased move plan with restart criteria,restarted activities meeting their recorded readiness conditions
AI business premises transition plans for trade contractors,https://www.buythebuildingbook.com/workflows/ai-space-transition-plans/trade-contractors/,ai-space-transition-plans,trade-contractors,a phased move plan with restart criteria,restarted activities meeting their recorded readiness conditions
AI business premises transition plans for salons,https://www.buythebuildingbook.com/workflows/ai-space-transition-plans/salons/,ai-space-transition-plans,salons,a phased move plan with restart criteria,restarted activities meeting their recorded readiness conditions
AI business premises transition plans for restaurants,https://www.buythebuildingbook.com/workflows/ai-space-transition-plans/restaurants/,ai-space-transition-plans,restaurants,a phased move plan with restart criteria,restarted activities meeting their recorded readiness conditions
AI business premises transition plans for retail stores,https://www.buythebuildingbook.com/workflows/ai-space-transition-plans/retail-stores/,ai-space-transition-plans,retail-stores,a phased move plan with restart criteria,restarted activities meeting their recorded readiness conditions
AI business premises transition plans for logistics companies,https://www.buythebuildingbook.com/workflows/ai-space-transition-plans/logistics-companies/,ai-space-transition-plans,logistics-companies,a phased move plan with restart criteria,restarted activities meeting their recorded readiness conditions
AI business premises transition plans for cleaning companies,https://www.buythebuildingbook.com/workflows/ai-space-transition-plans/cleaning-companies/,ai-space-transition-plans,cleaning-companies,a phased move plan with restart criteria,restarted activities meeting their recorded readiness conditions
AI business premises transition plans for landscaping companies,https://www.buythebuildingbook.com/workflows/ai-space-transition-plans/landscaping-companies/,ai-space-transition-plans,landscaping-companies,a phased move plan with restart criteria,restarted activities meeting their recorded readiness conditions
AI business premises transition plans for automotive shops,https://www.buythebuildingbook.com/workflows/ai-space-transition-plans/automotive-shops/,ai-space-transition-plans,automotive-shops,a phased move plan with restart criteria,restarted activities meeting their recorded readiness conditions
AI business premises transition plans for fitness studios,https://www.buythebuildingbook.com/workflows/ai-space-transition-plans/fitness-studios/,ai-space-transition-plans,fitness-studios,a phased move plan with restart criteria,restarted activities meeting their recorded readiness conditions
AI business premises transition plans for training companies,https://www.buythebuildingbook.com/workflows/ai-space-transition-plans/training-companies/,ai-space-transition-plans,training-companies,a phased move plan with restart criteria,restarted activities meeting their recorded readiness conditions
AI business premises transition plans for staffing agencies,https://www.buythebuildingbook.com/workflows/ai-space-transition-plans/staffing-agencies/,ai-space-transition-plans,staffing-agencies,a phased move plan with restart criteria,restarted activities meeting their recorded readiness conditions
AI business premises transition plans for event companies,https://www.buythebuildingbook.com/workflows/ai-space-transition-plans/event-companies/,ai-space-transition-plans,event-companies,a phased move plan with restart criteria,restarted activities meeting their recorded readiness conditions
AI business premises transition plans for architecture firms,https://www.buythebuildingbook.com/workflows/ai-space-transition-plans/architecture-firms/,ai-space-transition-plans,architecture-firms,a phased move plan with restart criteria,restarted activities meeting their recorded readiness conditions
AI business property cost reviews for marketing agencies,https://www.buythebuildingbook.com/workflows/ai-property-cost-reviews/marketing-agencies/,ai-property-cost-reviews,marketing-agencies,a cost variance worksheet and review agenda,cost variances explained with a period and source
AI business property cost reviews for consulting firms,https://www.buythebuildingbook.com/workflows/ai-property-cost-reviews/consulting-firms/,ai-property-cost-reviews,consulting-firms,a cost variance worksheet and review agenda,cost variances explained with a period and source
AI business property cost reviews for software companies,https://www.buythebuildingbook.com/workflows/ai-property-cost-reviews/software-companies/,ai-property-cost-reviews,software-companies,a cost variance worksheet and review agenda,cost variances explained with a period and source
AI business property cost reviews for ecommerce brands,https://www.buythebuildingbook.com/workflows/ai-property-cost-reviews/ecommerce-brands/,ai-property-cost-reviews,ecommerce-brands,a cost variance worksheet and review agenda,cost variances explained with a period and source
AI business property cost reviews for manufacturers,https://www.buythebuildingbook.com/workflows/ai-property-cost-reviews/manufacturers/,ai-property-cost-reviews,manufacturers,a cost variance worksheet and review agenda,cost variances explained with a period and source
AI business property cost reviews for wholesale distributors,https://www.buythebuildingbook.com/workflows/ai-property-cost-reviews/wholesale-distributors/,ai-property-cost-reviews,wholesale-distributors,a cost variance worksheet and review agenda,cost variances explained with a period and source
AI business property cost reviews for construction companies,https://www.buythebuildingbook.com/workflows/ai-property-cost-reviews/construction-companies/,ai-property-cost-reviews,construction-companies,a cost variance worksheet and review agenda,cost variances explained with a period and source
AI business property cost reviews for trade contractors,https://www.buythebuildingbook.com/workflows/ai-property-cost-reviews/trade-contractors/,ai-property-cost-reviews,trade-contractors,a cost variance worksheet and review agenda,cost variances explained with a period and source
AI business property cost reviews for salons,https://www.buythebuildingbook.com/workflows/ai-property-cost-reviews/salons/,ai-property-cost-reviews,salons,a cost variance worksheet and review agenda,cost variances explained with a period and source
AI business property cost reviews for restaurants,https://www.buythebuildingbook.com/workflows/ai-property-cost-reviews/restaurants/,ai-property-cost-reviews,restaurants,a cost variance worksheet and review agenda,cost variances explained with a period and source
AI business property cost reviews for retail stores,https://www.buythebuildingbook.com/workflows/ai-property-cost-reviews/retail-stores/,ai-property-cost-reviews,retail-stores,a cost variance worksheet and review agenda,cost variances explained with a period and source
AI business property cost reviews for logistics companies,https://www.buythebuildingbook.com/workflows/ai-property-cost-reviews/logistics-companies/,ai-property-cost-reviews,logistics-companies,a cost variance worksheet and review agenda,cost variances explained with a period and source
AI business property cost reviews for cleaning companies,https://www.buythebuildingbook.com/workflows/ai-property-cost-reviews/cleaning-companies/,ai-property-cost-reviews,cleaning-companies,a cost variance worksheet and review agenda,cost variances explained with a period and source
AI business property cost reviews for landscaping companies,https://www.buythebuildingbook.com/workflows/ai-property-cost-reviews/landscaping-companies/,ai-property-cost-reviews,landscaping-companies,a cost variance worksheet and review agenda,cost variances explained with a period and source
AI business property cost reviews for automotive shops,https://www.buythebuildingbook.com/workflows/ai-property-cost-reviews/automotive-shops/,ai-property-cost-reviews,automotive-shops,a cost variance worksheet and review agenda,cost variances explained with a period and source
AI business property cost reviews for fitness studios,https://www.buythebuildingbook.com/workflows/ai-property-cost-reviews/fitness-studios/,ai-property-cost-reviews,fitness-studios,a cost variance worksheet and review agenda,cost variances explained with a period and source
AI business property cost reviews for training companies,https://www.buythebuildingbook.com/workflows/ai-property-cost-reviews/training-companies/,ai-property-cost-reviews,training-companies,a cost variance worksheet and review agenda,cost variances explained with a period and source
AI business property cost reviews for staffing agencies,https://www.buythebuildingbook.com/workflows/ai-property-cost-reviews/staffing-agencies/,ai-property-cost-reviews,staffing-agencies,a cost variance worksheet and review agenda,cost variances explained with a period and source
AI business property cost reviews for event companies,https://www.buythebuildingbook.com/workflows/ai-property-cost-reviews/event-companies/,ai-property-cost-reviews,event-companies,a cost variance worksheet and review agenda,cost variances explained with a period and source
AI business property cost reviews for architecture firms,https://www.buythebuildingbook.com/workflows/ai-property-cost-reviews/architecture-firms/,ai-property-cost-reviews,architecture-firms,a cost variance worksheet and review agenda,cost variances explained with a period and source
